{"cameraMode":{"drawMode":0,"name":"Shaded","section":"Shading Mode"},"sceneLighting":false,"audioPlay":false,"sceneViewState":{"showFog":true,"showMaterialUpdate":false,"showSkybox":false,"showFlares":true,"showImageEffects":true,"showParticleSystems":true},"in2DMode":false,"pivot":{"x":-17.40927505493164,"y":-10.63330078125,"z":-469.1568298339844},"rotation":{"x":0.039446327835321429,"y":0.5192288756370544,"z":0.0240003801882267,"w":-0.8533869385719299},"size":29.45223045349121,"orthographic":false}