{"cameraMode":{"drawMode":0,"name":"Shaded","section":"Shading Mode"},"sceneLighting":false,"audioPlay":false,"sceneViewState":{"showFog":true,"showMaterialUpdate":false,"showSkybox":false,"showFlares":true,"showImageEffects":true,"showParticleSystems":true},"in2DMode":false,"pivot":{"x":21.695663452148439,"y":11.314776420593262,"z":32.222225189208987},"rotation":{"x":-0.048269595950841907,"y":-0.02936496026813984,"z":0.0014196708798408509,"w":-0.9984016418457031},"size":161.80532836914063,"orthographic":false}