{"cameraMode":{"drawMode":0,"name":"Shaded","section":"Shading Mode"},"sceneLighting":false,"audioPlay":false,"sceneViewState":{"showFog":true,"showMaterialUpdate":false,"showSkybox":false,"showFlares":true,"showImageEffects":true,"showParticleSystems":true},"in2DMode":false,"pivot":{"x":-24.250225067138673,"y":-5.96031379699707,"z":-479.9096374511719},"rotation":{"x":-0.014259069226682186,"y":0.31205984950065615,"z":-0.004684193525463343,"w":-0.9499439597129822},"size":7.467035293579102,"orthographic":false}