{"cameraMode":{"drawMode":0,"name":"Shaded","section":"Shading Mode"},"sceneLighting":false,"audioPlay":false,"sceneViewState":{"showFog":true,"showMaterialUpdate":false,"showSkybox":false,"showFlares":true,"showImageEffects":true,"showParticleSystems":true},"in2DMode":false,"pivot":{"x":0.2445831298828125,"y":-4.820619583129883,"z":2.0597190856933595},"rotation":{"x":0.07418645918369293,"y":0.3461245596408844,"z":0.027467265725135804,"w":-0.9348474740982056},"size":22.0,"orthographic":false}