{"cameraMode":{"drawMode":0,"name":"Shaded","section":"Shading Mode"},"sceneLighting":false,"audioPlay":false,"sceneViewState":{"showFog":true,"showMaterialUpdate":false,"showSkybox":false,"showFlares":true,"showImageEffects":true,"showParticleSystems":true},"in2DMode":false,"pivot":{"x":-5.8837127685546879,"y":-8.515045166015625,"z":-8.571830749511719},"rotation":{"x":-0.004488889127969742,"y":-0.4715809226036072,"z":-0.0024004641454666855,"w":0.8818081617355347},"size":161.27011108398438,"orthographic":false}