{"cameraMode":{"drawMode":0,"name":"Shaded","section":"Shading Mode"},"sceneLighting":false,"audioPlay":false,"sceneViewState":{"showFog":true,"showMaterialUpdate":false,"showSkybox":true,"showFlares":true,"showImageEffects":true,"showParticleSystems":true},"in2DMode":false,"pivot":{"x":1.5108232498168946,"y":-0.01648259162902832,"z":1.7851120233535767},"rotation":{"x":0.09734530001878739,"y":-0.002389027737081051,"z":0.0002335754397790879,"w":0.9952477812767029},"size":10.9195556640625,"orthographic":true}