{"cameraMode":{"drawMode":0,"name":"Shaded","section":"Shading Mode"},"sceneLighting":false,"audioPlay":false,"sceneViewState":{"showFog":true,"showMaterialUpdate":false,"showSkybox":true,"showFlares":true,"showImageEffects":true,"showParticleSystems":true},"in2DMode":false,"pivot":{"x":0.19547992944717408,"y":-0.32398363947868349,"z":1.590000033378601},"rotation":{"x":0.09734530001878739,"y":-0.002389027737081051,"z":0.0002335754397790879,"w":0.9952477812767029},"size":8.176549911499024,"orthographic":true}