{"cameraMode":{"drawMode":0,"name":"Shaded","section":"Shading Mode"},"sceneLighting":false,"audioPlay":false,"sceneViewState":{"showFog":true,"showMaterialUpdate":false,"showSkybox":true,"showFlares":true,"showImageEffects":true,"showParticleSystems":true},"in2DMode":false,"pivot":{"x":336.0,"y":67.0999984741211,"z":0.0000171661376953125},"rotation":{"x":-0.023996368050575258,"y":0.010496786795556546,"z":-0.0002519710105843842,"w":-0.9996569752693176},"size":288.6321105957031,"orthographic":false}