{"cameraMode":{"drawMode":0,"name":"Shaded","section":"Shading Mode"},"sceneLighting":false,"audioPlay":false,"sceneViewState":{"showFog":true,"showMaterialUpdate":false,"showSkybox":true,"showFlares":true,"showImageEffects":true,"showParticleSystems":true},"in2DMode":false,"pivot":{"x":10.479999542236329,"y":-10.079999923706055,"z":-458.3999938964844},"rotation":{"x":-0.12928885221481324,"y":-0.23558767139911652,"z":0.03163914754986763,"w":-0.9626950621604919},"size":10.744020462036133,"orthographic":false}