{"cameraMode":{"drawMode":0,"name":"Shaded","section":"Shading Mode"},"sceneLighting":false,"audioPlay":false,"sceneViewState":{"showFog":true,"showMaterialUpdate":false,"showSkybox":true,"showFlares":true,"showImageEffects":true,"showParticleSystems":true},"in2DMode":false,"pivot":{"x":-0.0000152587890625,"y":0.0,"z":-450.00006103515627},"rotation":{"x":-0.008994066156446934,"y":0.03599075973033905,"z":-0.000323928747093305,"w":-0.999311625957489},"size":272.0501403808594,"orthographic":false}