{"cameraMode":{"drawMode":0,"name":"Shaded","section":"Shading Mode"},"sceneLighting":false,"audioPlay":false,"sceneViewState":{"showFog":true,"showMaterialUpdate":false,"showSkybox":true,"showFlares":true,"showImageEffects":true,"showParticleSystems":true},"in2DMode":false,"pivot":{"x":0.9360911250114441,"y":-8.913850784301758,"z":-458.1200256347656},"rotation":{"x":-0.023996368050575258,"y":0.010496786795556546,"z":-0.0002519710105843842,"w":-0.9996569752693176},"size":20.7753849029541,"orthographic":false}