{"cameraMode":{"drawMode":0,"name":"Shaded","section":"Shading Mode"},"sceneLighting":false,"audioPlay":false,"sceneViewState":{"showFog":true,"showMaterialUpdate":false,"showSkybox":true,"showFlares":true,"showImageEffects":true,"showParticleSystems":true},"in2DMode":false,"pivot":{"x":-271.9500732421875,"y":29.5999755859375,"z":69.45857238769531},"rotation":{"x":-0.02398335374891758,"y":0.03448284789919853,"z":-0.0008277432061731815,"w":-0.9991171956062317},"size":2921.393798828125,"orthographic":true}