{"cameraMode":{"drawMode":0,"name":"Shaded","section":"Shading Mode"},"sceneLighting":false,"audioPlay":false,"sceneViewState":{"showFog":true,"showMaterialUpdate":false,"showSkybox":true,"showFlares":true,"showImageEffects":true,"showParticleSystems":true},"in2DMode":false,"pivot":{"x":0.0,"y":-7.93048095703125,"z":-46.50508117675781},"rotation":{"x":-0.11843398213386536,"y":0.038141895085573199,"z":-0.004540455527603626,"w":-0.9922187328338623},"size":3191.874267578125,"orthographic":false}