{"cameraMode":{"drawMode":0,"name":"Shaded","section":"Shading Mode"},"sceneLighting":false,"audioPlay":false,"sceneViewState":{"showFog":true,"showMaterialUpdate":false,"showSkybox":true,"showFlares":true,"showImageEffects":true,"showParticleSystems":true},"in2DMode":false,"pivot":{"x":0.0,"y":0.4438140392303467,"z":-1.1920928955078126e-7},"rotation":{"x":-0.06277046352624893,"y":0.07507477700710297,"z":0.004735112190246582,"w":0.9951891303062439},"size":9.963340759277344,"orthographic":false}