{"cameraMode":{"drawMode":0,"name":"Shaded","section":"Shading Mode"},"sceneLighting":false,"audioPlay":false,"sceneViewState":{"showFog":true,"showMaterialUpdate":false,"showSkybox":false,"showFlares":true,"showImageEffects":true,"showParticleSystems":true},"in2DMode":false,"pivot":{"x":1.51953125,"y":2.9189300537109377,"z":-473.31640625},"rotation":{"x":-0.01798638142645359,"y":-0.03748510777950287,"z":0.0006747726583853364,"w":-0.9991350769996643},"size":35.907318115234378,"orthographic":true}