{"cameraMode":{"drawMode":0,"name":"Shaded","section":"Shading Mode"},"sceneLighting":false,"audioPlay":false,"sceneViewState":{"showFog":true,"showMaterialUpdate":false,"showSkybox":false,"showFlares":true,"showImageEffects":true,"showParticleSystems":true},"in2DMode":false,"pivot":{"x":0.0,"y":-25.54998779296875,"z":0.00000762939453125},"rotation":{"x":-0.04048607498407364,"y":-0.011989936232566834,"z":0.00048576152767054737,"w":-0.9991081357002258},"size":276.1431884765625,"orthographic":true}