{"cameraMode":{"drawMode":0,"name":"Shaded","section":"Shading Mode"},"sceneLighting":true,"audioPlay":false,"sceneViewState":{"showFog":true,"showMaterialUpdate":false,"showSkybox":true,"showFlares":true,"showImageEffects":true,"showParticleSystems":true},"in2DMode":false,"pivot":{"x":32.970001220703128,"y":9.5367431640625e-7,"z":-470.0},"rotation":{"x":-0.12878313660621644,"y":-0.1422826051712036,"z":0.018674025312066079,"w":-0.9812349081039429},"size":67.25923156738281,"orthographic":true}