{"cameraMode":{"drawMode":0,"name":"Shaded","section":"Shading Mode"},"sceneLighting":true,"audioPlay":false,"sceneViewState":{"showFog":true,"showMaterialUpdate":false,"showSkybox":true,"showFlares":true,"showImageEffects":true,"showParticleSystems":true},"in2DMode":false,"pivot":{"x":5.793000221252441,"y":-4.301321983337402,"z":-474.78997802734377},"rotation":{"x":0.45800837874412539,"y":-0.00818620529025793,"z":0.004309247713536024,"w":0.8888997435569763},"size":53.1389274597168,"orthographic":false}