{"cameraMode":{"drawMode":0,"name":"Shaded","section":"Shading Mode"},"sceneLighting":true,"audioPlay":false,"sceneViewState":{"showFog":true,"showMaterialUpdate":false,"showSkybox":true,"showFlares":true,"showImageEffects":true,"showParticleSystems":true},"in2DMode":false,"pivot":{"x":-7.029999732971191,"y":6.103515488575795e-7,"z":-470.0},"rotation":{"x":-0.04048607498407364,"y":-0.011989936232566834,"z":0.00048576152767054737,"w":-0.9991081357002258},"size":1133.416748046875,"orthographic":true}