{"cameraMode":{"drawMode":0,"name":"Shaded","section":"Shading Mode"},"sceneLighting":true,"audioPlay":false,"sceneViewState":{"showFog":true,"showMaterialUpdate":false,"showSkybox":true,"showFlares":true,"showImageEffects":true,"showParticleSystems":true},"in2DMode":false,"pivot":{"x":-34.77500915527344,"y":-95.06249237060547,"z":300.0},"rotation":{"x":-0.06320580095052719,"y":0.04399443045258522,"z":-0.0027889988850802185,"w":-0.9970265030860901},"size":2029.1495361328125,"orthographic":false}