{"cameraMode":{"drawMode":0,"name":"Shaded","section":"Shading Mode"},"sceneLighting":false,"audioPlay":false,"sceneViewState":{"showFog":true,"showMaterialUpdate":false,"showSkybox":false,"showFlares":true,"showImageEffects":true,"showParticleSystems":true},"in2DMode":false,"pivot":{"x":1013.2859497070313,"y":699.8471069335938,"z":-22.030517578125},"rotation":{"x":0.024890918284654619,"y":0.023996030911803247,"z":-0.0005992636433802545,"w":0.9994019865989685},"size":1545.3311767578125,"orthographic":false}