{"cameraMode":{"drawMode":0,"name":"Shaded","section":"Shading Mode"},"sceneLighting":false,"audioPlay":false,"sceneViewState":{"showFog":true,"showMaterialUpdate":false,"showSkybox":false,"showFlares":true,"showImageEffects":true,"showParticleSystems":true},"in2DMode":false,"pivot":{"x":928.0069580078125,"y":1015.5725708007813,"z":1.266326904296875},"rotation":{"x":0.002999980002641678,"y":0.003306030761450529,"z":-0.000009915738701238297,"w":0.9999901056289673},"size":314.0646667480469,"orthographic":false}