{"cameraMode":{"drawMode":0,"name":"Shaded","section":"Shading Mode"},"sceneLighting":false,"audioPlay":false,"sceneViewState":{"showFog":true,"showMaterialUpdate":false,"showSkybox":false,"showFlares":true,"showImageEffects":true,"showParticleSystems":true},"in2DMode":false,"pivot":{"x":3.973043203353882,"y":-0.3928835988044739,"z":-476.2772216796875},"rotation":{"x":-0.011408484540879727,"y":-0.01050189696252346,"z":0.00011988416372332722,"w":-0.999879777431488},"size":19.579463958740236,"orthographic":false}