{"cameraMode":{"drawMode":0,"name":"Shaded","section":"Shading Mode"},"sceneLighting":false,"audioPlay":false,"sceneViewState":{"showFog":true,"showMaterialUpdate":false,"showSkybox":false,"showFlares":true,"showImageEffects":true,"showParticleSystems":true},"in2DMode":false,"pivot":{"x":-28.29499053955078,"y":9.07164192199707,"z":-489.5633544921875},"rotation":{"x":0.10476222634315491,"y":0.6418716907501221,"z":0.08913882076740265,"w":-0.7543739080429077},"size":76.4892349243164,"orthographic":false}