{"cameraMode":{"drawMode":0,"name":"Shaded","section":"Shading Mode"},"sceneLighting":false,"audioPlay":false,"sceneViewState":{"showFog":true,"showMaterialUpdate":false,"showSkybox":false,"showFlares":true,"showImageEffects":true,"showParticleSystems":true},"in2DMode":false,"pivot":{"x":-0.0000152587890625,"y":0.0,"z":-429.7900695800781},"rotation":{"x":-0.000909812340978533,"y":-0.0033027264289557935,"z":0.0000030903370316082148,"w":-0.999994158744812},"size":596.0789184570313,"orthographic":false}