{"cameraMode":{"drawMode":0,"name":"Shaded","section":"Shading Mode"},"sceneLighting":false,"audioPlay":false,"sceneViewState":{"showFog":true,"showMaterialUpdate":false,"showSkybox":false,"showFlares":true,"showImageEffects":true,"showParticleSystems":true},"in2DMode":false,"pivot":{"x":3.955188035964966,"y":-9.389436721801758,"z":-451.87664794921877},"rotation":{"x":-0.08535286039113999,"y":0.09014015644788742,"z":-0.0077539365738630299,"w":-0.9922345876693726},"size":35.28158950805664,"orthographic":false}