{"cameraMode":{"drawMode":0,"name":"Shaded","section":"Shading Mode"},"sceneLighting":true,"audioPlay":false,"sceneViewState":{"showFog":true,"showMaterialUpdate":false,"showSkybox":true,"showFlares":true,"showImageEffects":true,"showParticleSystems":true},"in2DMode":false,"pivot":{"x":8.0076904296875,"y":-1.2254506349563599,"z":-378.5355224609375},"rotation":{"x":-0.002399214543402195,"y":-0.028195945546030999,"z":0.00006751223554601893,"w":-0.9995995759963989},"size":110.84168243408203,"orthographic":false}