{"cameraMode":{"drawMode":0,"name":"Shaded","section":"Shading Mode"},"sceneLighting":true,"audioPlay":false,"sceneViewState":{"showFog":true,"showMaterialUpdate":false,"showSkybox":true,"showFlares":true,"showImageEffects":true,"showParticleSystems":true},"in2DMode":false,"pivot":{"x":-11.160874366760254,"y":-6.806222438812256,"z":-504.9151916503906},"rotation":{"x":0.02032427303493023,"y":-0.45366370677948,"z":0.01034972257912159,"w":0.8908810615539551},"size":22.07455062866211,"orthographic":false}