{"cameraMode":{"drawMode":0,"name":"Shaded","section":"Shading Mode"},"sceneLighting":false,"audioPlay":false,"sceneViewState":{"showFog":true,"showMaterialUpdate":false,"showSkybox":false,"showFlares":true,"showImageEffects":true,"showParticleSystems":true},"in2DMode":false,"pivot":{"x":12.372369766235352,"y":-9.82262897491455,"z":-456.0498046875},"rotation":{"x":-0.234019473195076,"y":-0.09258828312158585,"z":0.02239406481385231,"w":-0.9675540328025818},"size":41.36594772338867,"orthographic":false}