{"cameraMode":{"drawMode":0,"name":"Shaded","section":"Shading Mode"},"sceneLighting":false,"audioPlay":false,"sceneViewState":{"showFog":true,"showMaterialUpdate":false,"showSkybox":false,"showFlares":true,"showImageEffects":true,"showParticleSystems":true},"in2DMode":false,"pivot":{"x":-17.915634155273439,"y":-0.46529844403266909,"z":-461.3338623046875},"rotation":{"x":0.002743622986599803,"y":0.40446737408638,"z":0.0012133719865232707,"w":-0.9145475029945374},"size":31.153194427490236,"orthographic":false}