{"cameraMode":{"drawMode":0,"name":"Shaded","section":"Shading Mode"},"sceneLighting":true,"audioPlay":false,"sceneViewState":{"showFog":true,"showMaterialUpdate":false,"showSkybox":true,"showFlares":true,"showImageEffects":true,"showParticleSystems":true},"in2DMode":false,"pivot":{"x":86.03253173828125,"y":-412.29376220703127,"z":-410.14764404296877},"rotation":{"x":0.011124691925942898,"y":-0.9612687230110169,"z":-0.03923264145851135,"w":-0.2725794017314911},"size":1141.3287353515625,"orthographic":false}