{"cameraMode":{"drawMode":0,"name":"Shaded","section":"Shading Mode"},"sceneLighting":false,"audioPlay":false,"sceneViewState":{"showFog":true,"showMaterialUpdate":false,"showSkybox":false,"showFlares":true,"showImageEffects":true,"showParticleSystems":true},"in2DMode":false,"pivot":{"x":-20.31658935546875,"y":8.760000228881836,"z":-471.9407043457031},"rotation":{"x":-0.06952916830778122,"y":0.8388564586639404,"z":-0.11036070436239243,"w":-0.528494119644165},"size":3.989518880844116,"orthographic":false}