{"cameraMode":{"drawMode":0,"name":"Shaded","section":"Shading Mode"},"sceneLighting":false,"audioPlay":false,"sceneViewState":{"showFog":true,"showMaterialUpdate":false,"showSkybox":false,"showFlares":true,"showImageEffects":true,"showParticleSystems":true},"in2DMode":false,"pivot":{"x":3761.699951171875,"y":1867.75,"z":0.0000133514404296875},"rotation":{"x":-0.29911714792251589,"y":0.1767122894525528,"z":-0.056471362709999087,"w":-0.9360089302062988},"size":506.1958312988281,"orthographic":false}