{"cameraMode":{"drawMode":0,"name":"Shaded","section":"Shading Mode"},"sceneLighting":false,"audioPlay":false,"sceneViewState":{"showFog":true,"showMaterialUpdate":false,"showSkybox":false,"showFlares":true,"showImageEffects":true,"showParticleSystems":true},"in2DMode":false,"pivot":{"x":-8.128159523010254,"y":9.997568130493164,"z":-452.5670166015625},"rotation":{"x":0.10451055318117142,"y":0.3922812044620514,"z":0.044914789497852328,"w":-0.9127845764160156},"size":16.45100975036621,"orthographic":false}